,00,01,02,03,04,05,06,07,08,09,10,11,12,13
TurnParam,"{'PrimaryTurnTime': 0.4, 'ComboTurnParam': {'LeverDeg': 45.0, 'ForceMaxTurn': True, 'TurnTime': 0.4, 'TurnMaxDeg': 30.0}}","{'PrimaryTurnTime': 0.4, 'ComboTurnParam': {'LeverDeg': 10.0, 'ForceMaxTurn': False, 'TurnTime': 0.4, 'TurnMaxDeg': 11.0}}","{'PrimaryTurnTime': 0.4, 'ComboTurnParam': {'LeverDeg': 10.0, 'ForceMaxTurn': False, 'TurnTime': 0.4, 'TurnMaxDeg': 10.0}}","{'PrimaryTurnTime': 0.4, 'ComboTurnParam': {'LeverDeg': 10.0, 'ForceMaxTurn': False, 'TurnTime': 0.4, 'TurnMaxDeg': 10.0}}","{'PrimaryTurnTime': 0.4, 'ComboTurnParam': {'LeverDeg': 10.0, 'ForceMaxTurn': False, 'TurnTime': 0.4, 'TurnMaxDeg': 10.0}}","{'PrimaryTurnTime': 0.4, 'ComboTurnParam': {'LeverDeg': 10.0, 'ForceMaxTurn': False, 'TurnTime': 0.4, 'TurnMaxDeg': 10.0}}","{'PrimaryTurnTime': 0.4, 'ComboTurnParam': {'LeverDeg': 10.0, 'ForceMaxTurn': False, 'TurnTime': 0.4, 'TurnMaxDeg': 10.0}}","{'PrimaryTurnTime': 0.4, 'ComboTurnParam': {'LeverDeg': 10.0, 'ForceMaxTurn': False, 'TurnTime': 0.4, 'TurnMaxDeg': 10.0}}","{'PrimaryTurnTime': 0.4, 'ComboTurnParam': {'LeverDeg': 10.0, 'ForceMaxTurn': False, 'TurnTime': 0.4, 'TurnMaxDeg': 10.0}}","{'PrimaryTurnTime': 0.4, 'ComboTurnParam': {'LeverDeg': 10.0, 'ForceMaxTurn': False, 'TurnTime': 0.4, 'TurnMaxDeg': 10.0}}","{'PrimaryTurnTime': 0.4, 'ComboTurnParam': {'LeverDeg': 10.0, 'ForceMaxTurn': False, 'TurnTime': 0.4, 'TurnMaxDeg': 10.0}}","{'PrimaryTurnTime': 0.4, 'ComboTurnParam': {'LeverDeg': 10.0, 'ForceMaxTurn': False, 'TurnTime': 0.4, 'TurnMaxDeg': 10.0}}","{'PrimaryTurnTime': 0.4, 'ComboTurnParam': {'LeverDeg': 45.0, 'ForceMaxTurn': False, 'TurnTime': 0.4, 'TurnMaxDeg': 30.0}}","{'PrimaryTurnTime': 0.4, 'ComboTurnParam': {'LeverDeg': 10.0, 'ForceMaxTurn': False, 'TurnTime': 0.4, 'TurnMaxDeg': 10.0}}"
FallJumpParam,"{'JumpVelocity': {'x': 0.0, 'y': 0.0, 'z': 1.6, 'pad': 0.0}, 'Gravity': 9.8, 'GravityRate': 1.0}","{'JumpVelocity': {'x': 0.0, 'y': 0.0, 'z': 1.6, 'pad': 0.0}, 'Gravity': 9.8, 'GravityRate': 1.0}","{'JumpVelocity': {'x': 0.0, 'y': 0.0, 'z': 1.6, 'pad': 0.0}, 'Gravity': 9.8, 'GravityRate': 1.0}","{'JumpVelocity': {'x': 0.0, 'y': 0.0, 'z': 1.6, 'pad': 0.0}, 'Gravity': 9.8, 'GravityRate': 1.0}","{'JumpVelocity': {'x': 0.0, 'y': 0.0, 'z': 1.0, 'pad': 0.0}, 'Gravity': 9.8, 'GravityRate': 1.0}","{'JumpVelocity': {'x': 0.0, 'y': 0.0, 'z': 1.0, 'pad': 0.0}, 'Gravity': 9.8, 'GravityRate': 1.0}","{'JumpVelocity': {'x': 0.0, 'y': 0.0, 'z': 1.0, 'pad': 0.0}, 'Gravity': 9.8, 'GravityRate': 1.0}","{'JumpVelocity': {'x': 0.0, 'y': 0.0, 'z': 1.0, 'pad': 0.0}, 'Gravity': 9.8, 'GravityRate': 1.0}","{'JumpVelocity': {'x': 0.0, 'y': 0.0, 'z': 1.0, 'pad': 0.0}, 'Gravity': 9.8, 'GravityRate': 1.0}","{'JumpVelocity': {'x': 0.0, 'y': 0.0, 'z': 1.6, 'pad': 0.0}, 'Gravity': 9.8, 'GravityRate': 1.0}","{'JumpVelocity': {'x': 0.0, 'y': 0.0, 'z': 1.6, 'pad': 0.0}, 'Gravity': 9.8, 'GravityRate': 1.0}","{'JumpVelocity': {'x': 0.0, 'y': 0.0, 'z': 1.6, 'pad': 0.0}, 'Gravity': 9.8, 'GravityRate': 1.0}","{'JumpVelocity': {'x': 0.0, 'y': 0.0, 'z': 1.6, 'pad': 0.0}, 'Gravity': 9.8, 'GravityRate': 1.0}","{'JumpVelocity': {'x': 0.0, 'y': 0.0, 'z': 1.6, 'pad': 0.0}, 'Gravity': 9.8, 'GravityRate': 1.0}"
JumpParam,"{'JumpVelocity': {'x': 0.0, 'y': 4.0, 'z': 2.2, 'pad': 0.0}, 'Gravity': 9.8, 'GravityRate': 1.0}","{'JumpVelocity': {'x': 0.0, 'y': 4.0, 'z': 2.2, 'pad': 0.0}, 'Gravity': 9.8, 'GravityRate': 1.0}","{'JumpVelocity': {'x': 0.0, 'y': 4.0, 'z': 2.2, 'pad': 0.0}, 'Gravity': 9.8, 'GravityRate': 1.0}","{'JumpVelocity': {'x': 0.0, 'y': 4.0, 'z': 2.2, 'pad': 0.0}, 'Gravity': 9.8, 'GravityRate': 1.0}","{'JumpVelocity': {'x': 0.0, 'y': 4.0, 'z': 2.2, 'pad': 0.0}, 'Gravity': 9.8, 'GravityRate': 1.0}","{'JumpVelocity': {'x': 0.0, 'y': 4.0, 'z': 2.2, 'pad': 0.0}, 'Gravity': 9.8, 'GravityRate': 1.0}","{'JumpVelocity': {'x': 0.0, 'y': 4.0, 'z': 2.2, 'pad': 0.0}, 'Gravity': 9.8, 'GravityRate': 1.0}","{'JumpVelocity': {'x': 0.0, 'y': 4.0, 'z': 2.2, 'pad': 0.0}, 'Gravity': 9.8, 'GravityRate': 1.0}","{'JumpVelocity': {'x': 0.0, 'y': 4.0, 'z': 2.2, 'pad': 0.0}, 'Gravity': 9.8, 'GravityRate': 1.0}","{'JumpVelocity': {'x': 0.0, 'y': 4.0, 'z': 2.2, 'pad': 0.0}, 'Gravity': 9.8, 'GravityRate': 1.0}","{'JumpVelocity': {'x': 0.0, 'y': 4.0, 'z': 2.2, 'pad': 0.0}, 'Gravity': 9.8, 'GravityRate': 1.0}","{'JumpVelocity': {'x': 0.0, 'y': 4.0, 'z': 2.2, 'pad': 0.0}, 'Gravity': 9.8, 'GravityRate': 1.0}","{'JumpVelocity': {'x': 0.0, 'y': 4.0, 'z': 2.2, 'pad': 0.0}, 'Gravity': 9.8, 'GravityRate': 1.0}","{'JumpVelocity': {'x': 0.0, 'y': 4.0, 'z': 2.2, 'pad': 0.0}, 'Gravity': 9.8, 'GravityRate': 1.0}"
DodgeFrontJumpParam,"{'JumpVelocity': {'x': 0.0, 'y': 4.0, 'z': 2.2, 'pad': 0.0}, 'Gravity': 9.8, 'GravityRate': 1.0}","{'JumpVelocity': {'x': 0.0, 'y': 4.0, 'z': 2.2, 'pad': 0.0}, 'Gravity': 9.8, 'GravityRate': 1.0}","{'JumpVelocity': {'x': 0.0, 'y': 4.0, 'z': 2.2, 'pad': 0.0}, 'Gravity': 9.8, 'GravityRate': 1.0}","{'JumpVelocity': {'x': 0.0, 'y': 4.0, 'z': 2.2, 'pad': 0.0}, 'Gravity': 9.8, 'GravityRate': 1.0}","{'JumpVelocity': {'x': 0.0, 'y': 4.0, 'z': 2.2, 'pad': 0.0}, 'Gravity': 9.8, 'GravityRate': 1.0}","{'JumpVelocity': {'x': 0.0, 'y': 4.0, 'z': 2.2, 'pad': 0.0}, 'Gravity': 9.8, 'GravityRate': 1.0}","{'JumpVelocity': {'x': 0.0, 'y': 4.0, 'z': 2.2, 'pad': 0.0}, 'Gravity': 9.8, 'GravityRate': 1.0}","{'JumpVelocity': {'x': 0.0, 'y': 4.0, 'z': 2.2, 'pad': 0.0}, 'Gravity': 9.8, 'GravityRate': 1.0}","{'JumpVelocity': {'x': 0.0, 'y': 4.0, 'z': 2.2, 'pad': 0.0}, 'Gravity': 9.8, 'GravityRate': 1.0}","{'JumpVelocity': {'x': 0.0, 'y': 4.0, 'z': 2.2, 'pad': 0.0}, 'Gravity': 9.8, 'GravityRate': 1.0}","{'JumpVelocity': {'x': 0.0, 'y': 4.0, 'z': 2.2, 'pad': 0.0}, 'Gravity': 9.8, 'GravityRate': 1.0}","{'JumpVelocity': {'x': 0.0, 'y': 4.0, 'z': 2.2, 'pad': 0.0}, 'Gravity': 9.8, 'GravityRate': 1.0}","{'JumpVelocity': {'x': 0.0, 'y': 4.0, 'z': 2.2, 'pad': 0.0}, 'Gravity': 9.8, 'GravityRate': 1.0}","{'JumpVelocity': {'x': 0.0, 'y': 4.0, 'z': 2.2, 'pad': 0.0}, 'Gravity': 9.8, 'GravityRate': 1.0}"
DodgeSideJumpParam,"{'JumpVelocity': {'x': 0.0, 'y': 4.0, 'z': 2.2, 'pad': 0.0}, 'Gravity': 9.8, 'GravityRate': 1.0}","{'JumpVelocity': {'x': 0.0, 'y': 4.0, 'z': 2.2, 'pad': 0.0}, 'Gravity': 9.8, 'GravityRate': 1.0}","{'JumpVelocity': {'x': 0.0, 'y': 4.0, 'z': 2.2, 'pad': 0.0}, 'Gravity': 9.8, 'GravityRate': 1.0}","{'JumpVelocity': {'x': 0.0, 'y': 4.0, 'z': 2.2, 'pad': 0.0}, 'Gravity': 9.8, 'GravityRate': 1.0}","{'JumpVelocity': {'x': 0.0, 'y': 4.0, 'z': 2.2, 'pad': 0.0}, 'Gravity': 9.8, 'GravityRate': 1.0}","{'JumpVelocity': {'x': 0.0, 'y': 4.0, 'z': 2.2, 'pad': 0.0}, 'Gravity': 9.8, 'GravityRate': 1.0}","{'JumpVelocity': {'x': 0.0, 'y': 4.0, 'z': 2.2, 'pad': 0.0}, 'Gravity': 9.8, 'GravityRate': 1.0}","{'JumpVelocity': {'x': 0.0, 'y': 4.0, 'z': 2.2, 'pad': 0.0}, 'Gravity': 9.8, 'GravityRate': 1.0}","{'JumpVelocity': {'x': 0.0, 'y': 4.0, 'z': 2.2, 'pad': 0.0}, 'Gravity': 9.8, 'GravityRate': 1.0}","{'JumpVelocity': {'x': 0.0, 'y': 4.0, 'z': 2.2, 'pad': 0.0}, 'Gravity': 9.8, 'GravityRate': 1.0}","{'JumpVelocity': {'x': 0.0, 'y': 4.0, 'z': 2.2, 'pad': 0.0}, 'Gravity': 9.8, 'GravityRate': 1.0}","{'JumpVelocity': {'x': 0.0, 'y': 4.0, 'z': 2.2, 'pad': 0.0}, 'Gravity': 9.8, 'GravityRate': 1.0}","{'JumpVelocity': {'x': 0.0, 'y': 4.0, 'z': 2.2, 'pad': 0.0}, 'Gravity': 9.8, 'GravityRate': 1.0}","{'JumpVelocity': {'x': 0.0, 'y': 4.0, 'z': 2.2, 'pad': 0.0}, 'Gravity': 9.8, 'GravityRate': 1.0}"
DodgeBackJumpParam,"{'JumpVelocity': {'x': 0.0, 'y': 4.0, 'z': 2.2, 'pad': 0.0}, 'Gravity': 9.8, 'GravityRate': 1.0}","{'JumpVelocity': {'x': 0.0, 'y': 4.0, 'z': 2.2, 'pad': 0.0}, 'Gravity': 9.8, 'GravityRate': 1.0}","{'JumpVelocity': {'x': 0.0, 'y': 4.0, 'z': 2.2, 'pad': 0.0}, 'Gravity': 9.8, 'GravityRate': 1.0}","{'JumpVelocity': {'x': 0.0, 'y': 4.0, 'z': 2.2, 'pad': 0.0}, 'Gravity': 9.8, 'GravityRate': 1.0}","{'JumpVelocity': {'x': 0.0, 'y': 4.0, 'z': 2.2, 'pad': 0.0}, 'Gravity': 9.8, 'GravityRate': 1.0}","{'JumpVelocity': {'x': 0.0, 'y': 4.0, 'z': 2.2, 'pad': 0.0}, 'Gravity': 9.8, 'GravityRate': 1.0}","{'JumpVelocity': {'x': 0.0, 'y': 4.0, 'z': 2.2, 'pad': 0.0}, 'Gravity': 9.8, 'GravityRate': 1.0}","{'JumpVelocity': {'x': 0.0, 'y': 4.0, 'z': 2.2, 'pad': 0.0}, 'Gravity': 9.8, 'GravityRate': 1.0}","{'JumpVelocity': {'x': 0.0, 'y': 4.0, 'z': 2.2, 'pad': 0.0}, 'Gravity': 9.8, 'GravityRate': 1.0}","{'JumpVelocity': {'x': 0.0, 'y': 4.0, 'z': 2.2, 'pad': 0.0}, 'Gravity': 9.8, 'GravityRate': 1.0}","{'JumpVelocity': {'x': 0.0, 'y': 4.0, 'z': 2.2, 'pad': 0.0}, 'Gravity': 9.8, 'GravityRate': 1.0}","{'JumpVelocity': {'x': 0.0, 'y': 4.0, 'z': 2.2, 'pad': 0.0}, 'Gravity': 9.8, 'GravityRate': 1.0}","{'JumpVelocity': {'x': 0.0, 'y': 4.0, 'z': 2.2, 'pad': 0.0}, 'Gravity': 9.8, 'GravityRate': 1.0}","{'JumpVelocity': {'x': 0.0, 'y': 4.0, 'z': 2.2, 'pad': 0.0}, 'Gravity': 9.8, 'GravityRate': 1.0}"
TurnSpeed,400.0,450.0,450.0,450.0,450.0,450.0,450.0,450.0,450.0,450.0,450.0,450.0,400.0,450.0
StepUp1_RayDist,1.0,1.5,1.0,1.5,1.0,1.0,1.0,1.0,1.0,1.2,1.0,1.0,1.0,1.5
StepUp2_RayDist,1.2,1.5,1.2,1.5,1.2,1.2,1.2,1.2,1.2,1.4,1.2,1.2,1.2,1.5
StepUp3_RayDist,1.2,1.5,1.2,1.5,1.2,1.2,1.2,1.2,1.2,1.4,1.2,1.2,1.2,1.5
StepUpWallDash_RayDist,2.1,1.2,1.2,1.2,1.2,1.2,1.2,1.2,1.2,1.2,1.2,1.2,1.2,1.2
Kireaji_AttackReduce,10,10,10,10,10,10,10,10,10,10,10,1,1,1
ShockAbsorberRate,1.0,0.8,0.8,1.0,1.0,1.0,1.0,1.0,1.0,1.0,0.8,0.8,0.8,0.8
GuardDegree,70.0,70.0,70.0,70.0,70.0,70.0,110.0,110.0,70.0,70.0,70.0,70.0,70.0,70.0
AimGuardDegree,70.0,70.0,30.0,30.0,30.0,30.0,110.0,110.0,30.0,70.0,30.0,30.0,70.0,30.0
GuardPower_S,14.0,14.0,15.0,15.0,15.0,15.0,39.0,39.0,15.0,14.0,15.0,15.0,14.0,15.0
GuardPower_M,39.0,39.0,20.0,20.0,20.0,20.0,49.0,49.0,20.0,39.0,20.0,20.0,20.0,20.0
GuardDamageReduceRate_S,0.0,0.0,0.8,0.8,0.8,0.8,0.0,0.0,0.8,0.0,0.8,0.8,0.0,0.8
GuardDamageReduceRate_M,0.1,0.1,0.6,0.6,0.6,0.6,0.1,0.1,0.6,0.1,0.6,0.6,0.1,0.6
GuardDamageReduceRate_L,0.2,0.2,0.4,0.4,0.4,0.4,0.15,0.15,0.4,0.2,0.4,0.4,0.2,0.4
GuardDamageReduceRate_Tech,0.0,0.0,0.5,0.5,0.5,0.5,0.0,0.0,0.5,0.0,0.5,0.5,0.0,0.5
GuardDamageReduceRate_Tech_M,0.2,0.2,0.2,0.2,0.2,0.2,0.1,0.1,0.2,0.2,0.2,0.2,0.2,0.2
GuardDamageReduceRate_Block,0.0,0.0,0.0,0.0,0.0,0.0,0.0,0.0,0.0,0.0,0.0,0.0,0.0,0.0
GuardBlockStock[0]Power,0.0,0.0,0.0,0.0,0.0,0.0,0.0,0.0,0.0,0.0,0.0,0.0,0.0,0.0
GuardBlockStock[0]Value,25.0,25.0,25.0,25.0,25.0,25.0,25.0,25.0,25.0,25.0,25.0,25.0,25.0,25.0
GuardBlockStock[1]Power,30.0,50.0,50.0,50.0,50.0,50.0,50.0,30.0,50.0,50.0,50.0,50.0,50.0,50.0
GuardBlockStock[1]Value,25.0,25.0,25.0,25.0,25.0,25.0,25.0,25.0,25.0,25.0,25.0,25.0,25.0,25.0
GuardBlockStock_Tech[0]Power,0.0,0.0,0.0,0.0,0.0,0.0,0.0,0.0,0.0,0.0,0.0,0.0,0.0,0.0
GuardBlockStock_Tech[0]Value,25.0,25.0,25.0,25.0,25.0,25.0,25.0,25.0,25.0,25.0,25.0,25.0,25.0,25.0
GuardBlockStock_Tech[1]Power,30.0,50.0,50.0,50.0,50.0,50.0,50.0,30.0,50.0,50.0,50.0,50.0,50.0,50.0
GuardBlockStock_Tech[1]Value,50.0,50.0,50.0,50.0,50.0,50.0,50.0,50.0,50.0,50.0,50.0,50.0,50.0,50.0
GuardBlockPositionOffset,"{'x': 0.0, 'y': 0.0, 'z': 0.0, 'pad': 0.0}","{'x': 0.0, 'y': 0.0, 'z': 0.2, 'pad': 0.0}","{'x': 0.0, 'y': 0.0, 'z': 0.0, 'pad': 0.0}","{'x': 0.0, 'y': 0.0, 'z': 0.0, 'pad': 0.0}","{'x': 0.0, 'y': 0.0, 'z': 0.0, 'pad': 0.0}","{'x': 0.0, 'y': 0.0, 'z': 0.0, 'pad': 0.0}","{'x': 0.0, 'y': 0.0, 'z': 0.0, 'pad': 0.0}","{'x': 0.0, 'y': 0.0, 'z': 0.0, 'pad': 0.0}","{'x': 0.0, 'y': 0.0, 'z': 0.0, 'pad': 0.0}","{'x': 0.0, 'y': 0.0, 'z': 0.0, 'pad': 0.0}","{'x': 0.0, 'y': 0.0, 'z': 0.0, 'pad': 0.0}","{'x': 0.0, 'y': 0.0, 'z': 0.0, 'pad': 0.0}","{'x': -0.25, 'y': 0.0, 'z': 0.55, 'pad': 0.0}","{'x': 0.0, 'y': 0.0, 'z': 0.0, 'pad': 0.0}"
GuardLaserType,LR,LR,NONE,NONE,NONE,NONE,F_LR,F_LR,NONE,LR,NONE,NONE,LR,NONE
LaserGuard_OutRangeKeepTime,0.2,0.2,0.0,0.0,0.0,0.0,0.2,0.2,0.0,0.2,0.0,0.0,0.2,0.0
LaserGuard_KnockBackSpeed,0.7,0.7,0.0,0.0,0.0,0.0,0.5,0.5,0.0,0.7,0.0,0.0,0.7,0.0
GuardDamageReduceRate_LaserSlip,0.2,0.2,0.1,0.1,0.1,0.1,0.1,0.1,0.1,0.2,0.1,0.1,0.2,0.1
LaserGuard_GuardStaminaReduceInterval,0.5,0.5,0.5,0.5,0.5,0.5,0.5,0.5,0.5,0.5,0.5,0.5,0.5,0.5
LaserGuard_SlipStaminaReduce,5.0,5.0,5.0,5.0,5.0,5.0,5.0,5.0,5.0,5.0,5.0,5.0,5.0,5.0
LaserGuard_KireajiReduce,3,3,3,3,3,3,3,3,3,3,3,3,3,3
GuardKireajiReduce_S,10,1,1,1,1,1,1,1,1,10,1,1,1,1
GuardKireajiReduce_M,20,2,2,2,2,2,2,2,2,20,2,2,2,2
GuardKireajiReduce_L,30,3,3,3,3,3,3,3,3,30,3,3,3,3
GuardKireajiReduce_Tech,5,1,1,1,1,1,1,1,1,10,1,1,1,1
GuardKireajiReduce_Tech_M,10,2,2,2,2,2,2,2,2,20,2,2,2,2
Attack_SP_KeyLag,0.05,0.05,0.05,0.1,0.05,0.05,0.05,0.05,0.05,0.02,0.1,0.05,0.05,0.05
ZoneAim_Range,5.5,4.3,6.0,6.0,6.0,6.0,6.0,6.0,5.88,6.0,6.0,6.0,6.0,6.0
AimTurnDegOffsetY,0.0,0.0,0.0,0.0,0.0,0.0,0.0,0.0,0.0,0.0,0.0,0.0,0.0,0.0
AimIdleTurnBeginDeg,35.0,35.0,35.0,35.0,35.0,35.0,35.0,35.0,35.0,35.0,35.0,35.0,35.0,35.0
AimMoveStopTurnBeginDeg,10.0,10.0,10.0,10.0,10.0,10.0,10.0,10.0,10.0,10.0,10.0,10.0,10.0,10.0
AimTurnCancelTurnBeginDeg,10.0,10.0,10.0,10.0,10.0,10.0,10.0,10.0,10.0,10.0,10.0,10.0,10.0,10.0
AimTargetCastRadius,0.3,-1.0,-1.0,-1.0,-1.0,-1.0,-1.0,-1.0,-1.0,-1.0,-1.0,-1.0,-1.0,-1.0
WeakPointBreakDamageRate,1.0,1.0,1.0,1.0,1.0,1.0,1.0,1.0,1.0,1.0,1.0,1.0,1.0,1.0
WeakPointBreakDamageRateCurve,GameDesign/Player/ActionData/Wp00/GlobalParam/Wp00WeakPointBreakRate.user,GameDesign/Player/ActionData/Wp01/GlobalParam/Wp01WeakPointBreakRate.user,GameDesign/Player/ActionData/Wp02/GlobalParam/Wp02WeakPointBreakRate.user,GameDesign/Player/ActionData/Wp03/GlobalParam/Wp03WeakPointBreakRate.user,GameDesign/Player/ActionData/Wp04/GlobalParam/Wp04WeakPointBreakRate.user,GameDesign/Player/ActionData/Wp05/GlobalParam/Wp05WeakPointBreakRate.user,GameDesign/Player/ActionData/Wp06/GlobalParam/Wp06WeakPointBreakRate.user,GameDesign/Player/ActionData/Wp07/GlobalParam/Wp07WeakPointBreakRate.user,GameDesign/Player/ActionData/Wp08/GlobalParam/Wp08WeakPointBreakRate.user,GameDesign/Player/ActionData/Wp09/GlobalParam/Wp09WeakPointBreakRate.user,GameDesign/Player/ActionData/Wp10/GlobalParam/Wp10WeakPointBreakRate.user,GameDesign/Player/ActionData/Wp11/GlobalParam/Wp11WeakPointBreakRate.user,GameDesign/Player/ActionData/Wp12/GlobalParam/Wp12WeakPointBreakRate.user,GameDesign/Player/ActionData/Wp13/GlobalParam/Wp13WeakPointBreakRate.user
SubMotionBlendRateMoveSpeed,2.0,1.0,2.0,2.0,2.0,2.0,2.0,2.0,2.0,2.0,1.0,2.0,2.0,2.0
SubMotionBlendRateMoveSpeed_FullBodyOff,100.0,100.0,100.0,100.0,100.0,100.0,100.0,100.0,100.0,100.0,100.0,100.0,1.0,1.0
CallPorter_WorldBlendParam,"{'JointData': [{'JointHash': {'Hash': 935285574}, 'BlendRate': 1.0}, {'JointHash': {'Hash': 3946539076}, 'BlendRate': 0.6}, {'JointHash': {'Hash': 3276980779}, 'BlendRate': 0.25}, {'JointHash': {'Hash': 1913148385}, 'BlendRate': 1.0}, {'JointHash': {'Hash': 767461792}, 'BlendRate': 1.0}, {'JointHash': {'Hash': 1951860438}, 'BlendRate': 0.5}, {'JointHash': {'Hash': 1091167843}, 'BlendRate': 0.0}, {'JointHash': {'Hash': 3992101857}, 'BlendRate': 0.0}, {'JointHash': {'Hash': 1549972489}, 'BlendRate': 0.0}], 'FadeOutSpeed': 1.0}","{'JointData': [{'JointHash': {'Hash': 935285574}, 'BlendRate': 1.0}, {'JointHash': {'Hash': 3946539076}, 'BlendRate': 0.6}, {'JointHash': {'Hash': 3276980779}, 'BlendRate': 0.25}, {'JointHash': {'Hash': 682134405}, 'BlendRate': 0.0}, {'JointHash': {'Hash': 581854075}, 'BlendRate': 0.0}, {'JointHash': {'Hash': 1345121450}, 'BlendRate': 0.0}, {'JointHash': {'Hash': 1913148385}, 'BlendRate': 0.0}, {'JointHash': {'Hash': 2725057162}, 'BlendRate': 1.0}, {'JointHash': {'Hash': 767461792}, 'BlendRate': 0.5}, {'JointHash': {'Hash': 1951860438}, 'BlendRate': 0.25}, {'JointHash': {'Hash': 1091167843}, 'BlendRate': 0.0}, {'JointHash': {'Hash': 3992101857}, 'BlendRate': 0.0}, {'JointHash': {'Hash': 1549972489}, 'BlendRate': 0.0}], 'FadeOutSpeed': 1.0}","{'JointData': [{'JointHash': {'Hash': 935285574}, 'BlendRate': 1.0}, {'JointHash': {'Hash': 3946539076}, 'BlendRate': 0.6}, {'JointHash': {'Hash': 3276980779}, 'BlendRate': 0.25}, {'JointHash': {'Hash': 682134405}, 'BlendRate': 0.0}, {'JointHash': {'Hash': 581854075}, 'BlendRate': 0.0}, {'JointHash': {'Hash': 1345121450}, 'BlendRate': 0.2}, {'JointHash': {'Hash': 1913148385}, 'BlendRate': 0.35}, {'JointHash': {'Hash': 2725057162}, 'BlendRate': 0.85}, {'JointHash': {'Hash': 767461792}, 'BlendRate': 0.7}, {'JointHash': {'Hash': 1951860438}, 'BlendRate': 0.7}, {'JointHash': {'Hash': 1091167843}, 'BlendRate': 0.2}, {'JointHash': {'Hash': 3992101857}, 'BlendRate': 0.0}, {'JointHash': {'Hash': 1549972489}, 'BlendRate': 0.0}], 'FadeOutSpeed': 1.0}","{'JointData': [{'JointHash': {'Hash': 935285574}, 'BlendRate': 1.0}, {'JointHash': {'Hash': 3946539076}, 'BlendRate': 0.6}, {'JointHash': {'Hash': 3276980779}, 'BlendRate': 0.25}, {'JointHash': {'Hash': 1913148385}, 'BlendRate': 1.0}, {'JointHash': {'Hash': 767461792}, 'BlendRate': 1.0}, {'JointHash': {'Hash': 1951860438}, 'BlendRate': 0.04}, {'JointHash': {'Hash': 1091167843}, 'BlendRate': 0.01}, {'JointHash': {'Hash': 3992101857}, 'BlendRate': 0.0}, {'JointHash': {'Hash': 1549972489}, 'BlendRate': 0.0}], 'FadeOutSpeed': 10.0}","{'JointData': [{'JointHash': {'Hash': 935285574}, 'BlendRate': 1.0}, {'JointHash': {'Hash': 3946539076}, 'BlendRate': 0.6}, {'JointHash': {'Hash': 3276980779}, 'BlendRate': 0.25}, {'JointHash': {'Hash': 1913148385}, 'BlendRate': 1.0}, {'JointHash': {'Hash': 767461792}, 'BlendRate': 1.0}, {'JointHash': {'Hash': 1951860438}, 'BlendRate': 0.11}, {'JointHash': {'Hash': 1091167843}, 'BlendRate': 0.08}, {'JointHash': {'Hash': 3992101857}, 'BlendRate': 0.02}, {'JointHash': {'Hash': 1549972489}, 'BlendRate': 0.0}], 'FadeOutSpeed': 1.0}","{'JointData': [{'JointHash': {'Hash': 935285574}, 'BlendRate': 1.0}, {'JointHash': {'Hash': 3946539076}, 'BlendRate': 0.6}, {'JointHash': {'Hash': 3276980779}, 'BlendRate': 0.25}, {'JointHash': {'Hash': 1913148385}, 'BlendRate': 1.0}, {'JointHash': {'Hash': 767461792}, 'BlendRate': 1.0}, {'JointHash': {'Hash': 1951860438}, 'BlendRate': 0.0}, {'JointHash': {'Hash': 1091167843}, 'BlendRate': 0.0}, {'JointHash': {'Hash': 3992101857}, 'BlendRate': 0.0}, {'JointHash': {'Hash': 1549972489}, 'BlendRate': 0.0}], 'FadeOutSpeed': 1.0}","{'JointData': [{'JointHash': {'Hash': 935285574}, 'BlendRate': 1.0}, {'JointHash': {'Hash': 3946539076}, 'BlendRate': 0.6}, {'JointHash': {'Hash': 3276980779}, 'BlendRate': 0.25}, {'JointHash': {'Hash': 682134405}, 'BlendRate': 0.59}, {'JointHash': {'Hash': 581854075}, 'BlendRate': 0.4}, {'JointHash': {'Hash': 1345121450}, 'BlendRate': 0.16}, {'JointHash': {'Hash': 1913148385}, 'BlendRate': 0.0}, {'JointHash': {'Hash': 2725057162}, 'BlendRate': 1.0}, {'JointHash': {'Hash': 767461792}, 'BlendRate': 0.5}, {'JointHash': {'Hash': 1951860438}, 'BlendRate': 0.25}, {'JointHash': {'Hash': 1091167843}, 'BlendRate': 0.0}, {'JointHash': {'Hash': 3992101857}, 'BlendRate': 0.0}, {'JointHash': {'Hash': 1549972489}, 'BlendRate': 0.0}], 'FadeOutSpeed': 1.0}","{'JointData': [{'JointHash': {'Hash': 935285574}, 'BlendRate': 1.0}, {'JointHash': {'Hash': 3946539076}, 'BlendRate': 0.6}, {'JointHash': {'Hash': 3276980779}, 'BlendRate': 0.25}, {'JointHash': {'Hash': 682134405}, 'BlendRate': 0.59}, {'JointHash': {'Hash': 581854075}, 'BlendRate': 0.4}, {'JointHash': {'Hash': 1345121450}, 'BlendRate': 0.16}, {'JointHash': {'Hash': 1913148385}, 'BlendRate': 0.0}, {'JointHash': {'Hash': 2725057162}, 'BlendRate': 1.0}, {'JointHash': {'Hash': 767461792}, 'BlendRate': 0.5}, {'JointHash': {'Hash': 1951860438}, 'BlendRate': 0.25}, {'JointHash': {'Hash': 1091167843}, 'BlendRate': 0.0}, {'JointHash': {'Hash': 3992101857}, 'BlendRate': 0.0}, {'JointHash': {'Hash': 1549972489}, 'BlendRate': 0.0}], 'FadeOutSpeed': 1.0}","{'JointData': [{'JointHash': {'Hash': 935285574}, 'BlendRate': 1.0}, {'JointHash': {'Hash': 3946539076}, 'BlendRate': 0.6}, {'JointHash': {'Hash': 3276980779}, 'BlendRate': 0.25}, {'JointHash': {'Hash': 1913148385}, 'BlendRate': 1.0}, {'JointHash': {'Hash': 767461792}, 'BlendRate': 1.0}, {'JointHash': {'Hash': 1951860438}, 'BlendRate': 0.5}, {'JointHash': {'Hash': 1091167843}, 'BlendRate': 0.0}, {'JointHash': {'Hash': 3992101857}, 'BlendRate': 0.0}, {'JointHash': {'Hash': 1549972489}, 'BlendRate': 0.0}], 'FadeOutSpeed': 1.0}","{'JointData': [{'JointHash': {'Hash': 935285574}, 'BlendRate': 1.0}, {'JointHash': {'Hash': 3946539076}, 'BlendRate': 0.6}, {'JointHash': {'Hash': 3276980779}, 'BlendRate': 0.25}, {'JointHash': {'Hash': 682134405}, 'BlendRate': 0.0}, {'JointHash': {'Hash': 581854075}, 'BlendRate': 0.0}, {'JointHash': {'Hash': 1345121450}, 'BlendRate': 0.0}, {'JointHash': {'Hash': 1913148385}, 'BlendRate': 0.0}, {'JointHash': {'Hash': 2725057162}, 'BlendRate': 1.0}, {'JointHash': {'Hash': 767461792}, 'BlendRate': 0.5}, {'JointHash': {'Hash': 1951860438}, 'BlendRate': 0.25}, {'JointHash': {'Hash': 1091167843}, 'BlendRate': 0.0}, {'JointHash': {'Hash': 3992101857}, 'BlendRate': 0.0}, {'JointHash': {'Hash': 1549972489}, 'BlendRate': 0.0}], 'FadeOutSpeed': 1.0}","{'JointData': [{'JointHash': {'Hash': 935285574}, 'BlendRate': 1.0}, {'JointHash': {'Hash': 3946539076}, 'BlendRate': 0.6}, {'JointHash': {'Hash': 3276980779}, 'BlendRate': 0.25}, {'JointHash': {'Hash': 682134405}, 'BlendRate': 0.59}, {'JointHash': {'Hash': 581854075}, 'BlendRate': 0.4}, {'JointHash': {'Hash': 1345121450}, 'BlendRate': 0.16}, {'JointHash': {'Hash': 1913148385}, 'BlendRate': 0.0}, {'JointHash': {'Hash': 2725057162}, 'BlendRate': 1.0}, {'JointHash': {'Hash': 767461792}, 'BlendRate': 0.5}, {'JointHash': {'Hash': 1951860438}, 'BlendRate': 0.25}, {'JointHash': {'Hash': 1091167843}, 'BlendRate': 0.0}, {'JointHash': {'Hash': 3992101857}, 'BlendRate': 0.0}, {'JointHash': {'Hash': 1549972489}, 'BlendRate': 0.0}], 'FadeOutSpeed': 1.0}","{'JointData': [{'JointHash': {'Hash': 935285574}, 'BlendRate': 1.0}, {'JointHash': {'Hash': 3946539076}, 'BlendRate': 0.6}, {'JointHash': {'Hash': 3276980779}, 'BlendRate': 0.25}, {'JointHash': {'Hash': 1913148385}, 'BlendRate': 1.0}, {'JointHash': {'Hash': 767461792}, 'BlendRate': 1.0}, {'JointHash': {'Hash': 1951860438}, 'BlendRate': 0.11}, {'JointHash': {'Hash': 1091167843}, 'BlendRate': 0.08}, {'JointHash': {'Hash': 3992101857}, 'BlendRate': 0.02}, {'JointHash': {'Hash': 1549972489}, 'BlendRate': 0.0}], 'FadeOutSpeed': 1.0}","{'JointData': [{'JointHash': {'Hash': 935285574}, 'BlendRate': 1.0}, {'JointHash': {'Hash': 3946539076}, 'BlendRate': 0.6}, {'JointHash': {'Hash': 3276980779}, 'BlendRate': 0.25}, {'JointHash': {'Hash': 1913148385}, 'BlendRate': 1.0}, {'JointHash': {'Hash': 767461792}, 'BlendRate': 1.0}, {'JointHash': {'Hash': 1951860438}, 'BlendRate': 0.3}, {'JointHash': {'Hash': 1091167843}, 'BlendRate': 0.0}, {'JointHash': {'Hash': 3992101857}, 'BlendRate': 0.0}, {'JointHash': {'Hash': 1549972489}, 'BlendRate': 0.0}], 'FadeOutSpeed': 1.0}","{'JointData': [{'JointHash': {'Hash': 935285574}, 'BlendRate': 1.0}, {'JointHash': {'Hash': 3946539076}, 'BlendRate': 0.6}, {'JointHash': {'Hash': 3276980779}, 'BlendRate': 0.25}, {'JointHash': {'Hash': 1913148385}, 'BlendRate': 1.0}, {'JointHash': {'Hash': 767461792}, 'BlendRate': 1.0}, {'JointHash': {'Hash': 1951860438}, 'BlendRate': 0.3}, {'JointHash': {'Hash': 1091167843}, 'BlendRate': 0.0}, {'JointHash': {'Hash': 3992101857}, 'BlendRate': 0.0}, {'JointHash': {'Hash': 1549972489}, 'BlendRate': 0.0}], 'FadeOutSpeed': 1.0}"
SlingerAimAdjustParam,"{'InterpolateSpeed': 5.0, 'FadeInSpeed': 10.0, 'FadeOutSpeed': 1.0, 'TargetFollowDamping': 0.5, 'TargetFollowDampingTimeScale': 10.0, 'UpperArmRate': 1.0, 'ShoulderRate': 0.8, 'Spine2Rate': 1.0, 'Spine1Rate': 0.66, 'Spine0Rate': 0.33, 'CogRate': 0.0, 'HipRate': 0.0, 'LFootRate': 0.0, 'RFootRate': 0.0, 'ConstMoveDegX': 0.0, 'ConstMoveDegY': 0.0, 'LimitY': 65.0, 'LimitUpX': 30.0, 'LimitDownX': 33.0}","{'InterpolateSpeed': 5.0, 'FadeInSpeed': 3.0, 'FadeOutSpeed': 5.0, 'TargetFollowDamping': 0.5, 'TargetFollowDampingTimeScale': 10.0, 'UpperArmRate': 1.0, 'ShoulderRate': 0.8, 'Spine2Rate': 0.6, 'Spine1Rate': 0.4, 'Spine0Rate': 0.2, 'CogRate': 0.0, 'HipRate': 0.0, 'LFootRate': 0.0, 'RFootRate': 0.0, 'ConstMoveDegX': 0.0, 'ConstMoveDegY': 0.0, 'LimitY': 40.0, 'LimitUpX': 30.0, 'LimitDownX': 33.0}","{'InterpolateSpeed': 5.0, 'FadeInSpeed': 1.0, 'FadeOutSpeed': 1.0, 'TargetFollowDamping': 0.5, 'TargetFollowDampingTimeScale': 10.0, 'UpperArmRate': 1.0, 'ShoulderRate': 0.8, 'Spine2Rate': 0.6, 'Spine1Rate': 0.4, 'Spine0Rate': 0.2, 'CogRate': 0.0, 'HipRate': 0.0, 'LFootRate': 0.0, 'RFootRate': 0.0, 'ConstMoveDegX': 0.0, 'ConstMoveDegY': 0.0, 'LimitY': 65.0, 'LimitUpX': 30.0, 'LimitDownX': 33.0}","{'InterpolateSpeed': 5.0, 'FadeInSpeed': 1.0, 'FadeOutSpeed': 1.0, 'TargetFollowDamping': 0.5, 'TargetFollowDampingTimeScale': 10.0, 'UpperArmRate': 1.0, 'ShoulderRate': 0.8, 'Spine2Rate': 0.6, 'Spine1Rate': 0.4, 'Spine0Rate': 0.2, 'CogRate': 0.0, 'HipRate': 0.0, 'LFootRate': 0.0, 'RFootRate': 0.0, 'ConstMoveDegX': 0.0, 'ConstMoveDegY': 0.0, 'LimitY': 65.0, 'LimitUpX': 30.0, 'LimitDownX': 33.0}","{'InterpolateSpeed': 5.0, 'FadeInSpeed': 1.0, 'FadeOutSpeed': 1.0, 'TargetFollowDamping': 0.5, 'TargetFollowDampingTimeScale': 10.0, 'UpperArmRate': 1.0, 'ShoulderRate': 0.8, 'Spine2Rate': 0.6, 'Spine1Rate': 0.4, 'Spine0Rate': 0.2, 'CogRate': 0.0, 'HipRate': 0.0, 'LFootRate': 0.0, 'RFootRate': 0.0, 'ConstMoveDegX': 0.0, 'ConstMoveDegY': 0.0, 'LimitY': 65.0, 'LimitUpX': 30.0, 'LimitDownX': 33.0}","{'InterpolateSpeed': 5.0, 'FadeInSpeed': 1.0, 'FadeOutSpeed': 1.0, 'TargetFollowDamping': 0.5, 'TargetFollowDampingTimeScale': 10.0, 'UpperArmRate': 1.0, 'ShoulderRate': 0.8, 'Spine2Rate': 0.6, 'Spine1Rate': 0.4, 'Spine0Rate': 0.2, 'CogRate': 0.0, 'HipRate': 0.0, 'LFootRate': 0.0, 'RFootRate': 0.0, 'ConstMoveDegX': 0.0, 'ConstMoveDegY': 0.0, 'LimitY': 65.0, 'LimitUpX': 30.0, 'LimitDownX': 33.0}","{'InterpolateSpeed': 5.0, 'FadeInSpeed': 1.0, 'FadeOutSpeed': 1.0, 'TargetFollowDamping': 0.5, 'TargetFollowDampingTimeScale': 10.0, 'UpperArmRate': 1.0, 'ShoulderRate': 0.8, 'Spine2Rate': 0.6, 'Spine1Rate': 0.4, 'Spine0Rate': 0.2, 'CogRate': 0.0, 'HipRate': 0.0, 'LFootRate': 0.0, 'RFootRate': 0.0, 'ConstMoveDegX': 0.0, 'ConstMoveDegY': 0.0, 'LimitY': 65.0, 'LimitUpX': 30.0, 'LimitDownX': 33.0}","{'InterpolateSpeed': 5.0, 'FadeInSpeed': 1.0, 'FadeOutSpeed': 1.0, 'TargetFollowDamping': 0.5, 'TargetFollowDampingTimeScale': 10.0, 'UpperArmRate': 1.0, 'ShoulderRate': 0.8, 'Spine2Rate': 0.6, 'Spine1Rate': 0.4, 'Spine0Rate': 0.2, 'CogRate': 0.0, 'HipRate': 0.0, 'LFootRate': 0.0, 'RFootRate': 0.0, 'ConstMoveDegX': 0.0, 'ConstMoveDegY': 0.0, 'LimitY': 65.0, 'LimitUpX': 30.0, 'LimitDownX': 33.0}","{'InterpolateSpeed': 5.0, 'FadeInSpeed': 1.0, 'FadeOutSpeed': 1.0, 'TargetFollowDamping': 0.5, 'TargetFollowDampingTimeScale': 10.0, 'UpperArmRate': 1.0, 'ShoulderRate': 0.8, 'Spine2Rate': 0.6, 'Spine1Rate': 0.4, 'Spine0Rate': 0.2, 'CogRate': 0.0, 'HipRate': 0.0, 'LFootRate': 0.0, 'RFootRate': 0.0, 'ConstMoveDegX': 0.0, 'ConstMoveDegY': 0.0, 'LimitY': 65.0, 'LimitUpX': 30.0, 'LimitDownX': 33.0}","{'InterpolateSpeed': 5.0, 'FadeInSpeed': 1.0, 'FadeOutSpeed': 1.0, 'TargetFollowDamping': 0.5, 'TargetFollowDampingTimeScale': 10.0, 'UpperArmRate': 1.0, 'ShoulderRate': 0.8, 'Spine2Rate': 0.6, 'Spine1Rate': 0.4, 'Spine0Rate': 0.2, 'CogRate': 0.0, 'HipRate': 0.0, 'LFootRate': 0.0, 'RFootRate': 0.0, 'ConstMoveDegX': 0.0, 'ConstMoveDegY': 0.0, 'LimitY': 65.0, 'LimitUpX': 30.0, 'LimitDownX': 33.0}","{'InterpolateSpeed': 5.0, 'FadeInSpeed': 1.0, 'FadeOutSpeed': 1.0, 'TargetFollowDamping': 0.5, 'TargetFollowDampingTimeScale': 10.0, 'UpperArmRate': 1.0, 'ShoulderRate': 0.8, 'Spine2Rate': 0.6, 'Spine1Rate': 0.4, 'Spine0Rate': 0.2, 'CogRate': 0.0, 'HipRate': 0.0, 'LFootRate': 0.0, 'RFootRate': 0.0, 'ConstMoveDegX': 0.0, 'ConstMoveDegY': 0.0, 'LimitY': 65.0, 'LimitUpX': 30.0, 'LimitDownX': 33.0}","{'InterpolateSpeed': 5.0, 'FadeInSpeed': 1.0, 'FadeOutSpeed': 1.0, 'TargetFollowDamping': 0.5, 'TargetFollowDampingTimeScale': 10.0, 'UpperArmRate': 1.0, 'ShoulderRate': 0.8, 'Spine2Rate': 0.6, 'Spine1Rate': 0.4, 'Spine0Rate': 0.2, 'CogRate': 0.0, 'HipRate': 0.0, 'LFootRate': 0.0, 'RFootRate': 0.0, 'ConstMoveDegX': 0.0, 'ConstMoveDegY': 0.0, 'LimitY': 65.0, 'LimitUpX': 30.0, 'LimitDownX': 33.0}","{'InterpolateSpeed': 5.0, 'FadeInSpeed': 1.0, 'FadeOutSpeed': 1.0, 'TargetFollowDamping': 0.5, 'TargetFollowDampingTimeScale': 10.0, 'UpperArmRate': 1.0, 'ShoulderRate': 0.8, 'Spine2Rate': 1.0, 'Spine1Rate': 0.66, 'Spine0Rate': 0.33, 'CogRate': 0.0, 'HipRate': 0.0, 'LFootRate': 0.0, 'RFootRate': 0.0, 'ConstMoveDegX': 0.0, 'ConstMoveDegY': 0.0, 'LimitY': 65.0, 'LimitUpX': 30.0, 'LimitDownX': 33.0}","{'InterpolateSpeed': 5.0, 'FadeInSpeed': 1.0, 'FadeOutSpeed': 1.0, 'TargetFollowDamping': 0.5, 'TargetFollowDampingTimeScale': 10.0, 'UpperArmRate': 1.0, 'ShoulderRate': 0.8, 'Spine2Rate': 0.6, 'Spine1Rate': 0.4, 'Spine0Rate': 0.2, 'CogRate': 0.0, 'HipRate': 0.0, 'LFootRate': 0.0, 'RFootRate': 0.0, 'ConstMoveDegX': 0.0, 'ConstMoveDegY': 0.0, 'LimitY': 65.0, 'LimitUpX': 30.0, 'LimitDownX': 33.0}"
OffAttach_InterpolateTime,0.2,1.0,1.0,0.2,1.0,1.0,1.0,1.0,1.0,1.0,1.0,1.0,1.0,1.0
OffAttach_Sub_InterpolateTime,1.0,0.1,1.0,0.2,1.0,1.0,1.0,1.0,1.0,1.0,1.0,1.0,1.0,1.0
OffShakeChain_InterpolateTime,0.5,0.5,0.5,0.0,0.5,0.5,0.5,0.5,0.5,0.5,0.5,0.5,0.5,0.5
IgnoreParryPowerLimit,False,False,False,False,False,False,False,False,False,False,False,False,True,False
ParryHyperArmorDamageRate,0.3,0.3,0.3,0.3,0.3,0.3,0.3,0.3,0.3,0.3,0.3,0.3,0.3,0.3
STRUCT__CameraLStickRotRate_Base,1.0,1.0,0.0,0.0,1.0,0.0,0.0,1.0,0.0,0.0,0.0,0.0,1.0,1.0
STRUCT__CameraLStickRotRate_Vertical,1.0,0.0,0.0,0.0,0.0,0.0,0.0,1.0,0.0,0.0,0.0,0.0,1.0,1.0
